<?xml version="1.0" encoding="UTF-8" standalone="yes"?>
<addon id="repository.residente" name="residente Repo" version="0.0.1" provider-name="Metodik">
	<extension point="xbmc.addon.repository" name="residente Repo">
		<dir>
			<info compressed="false">https://raw.githubusercontent.com/totalrevolution/python-koding/master/zips/addons.xml</info>
			<checksum>https://raw.githubusercontent.com/totalrevolution/python-koding/master/zips/addons.xml.md5</checksum>
			<datadir zip="true">https://raw.githubusercontent.com/totalrevolution/python-koding/master/zips/</datadir>
		</dir>
		<info compressed="false">https://raw.githubusercontent.com/chemai/repository.residente/master/zips/addons.xml</info>
		<checksum>https://raw.githubusercontent.com/chemai/repository.residente/master/zips/addons.xml.md5</checksum>
		<datadir zip="true">https://raw.githubusercontent.com/chemai/repository.residente/master/zips/</datadir>
	</extension>
	<extension point="xbmc.addon.metadata">
		<summary lang="en">Quick one liner about the repository</summary>
		<description lang="en">Full repository description.</description>
		<genre>adult,comedy,documentary,movies,music,sports,tech,tvshows,spanish</genre>
	</extension>
</addon>