<?xml version="1.0" encoding="UTF-8" standalone="yes"?>
<addon id="repository.resident" name="[COLOR gold][B]Resident[/B][/COLOR] Repo" version="0.0.1" provider-name="Chem@i">
	<extension point="xbmc.addon.repository" name="[COLOR gold][B]Resident[/B][/COLOR] Repo">
		<info compressed="false">https://raw.githubusercontent.com/Chemai/repository.residente/master/addons.xml</info>
		<checksum>https://raw.githubusercontent.com/Chemai/repository.residente/master/addons.xml.md5</checksum>
		<datadir zip="true">https://raw.githubusercontent.com/chemai/repository.residente/master/</datadir>
	</extension>
	<extension point="xbmc.addon.metadata">
		<summary lang="en">Quick one liner about the repository</summary>
		<description lang="en">Full repository description.</description>
		<genre>adult,comedy,documentary,movies,music,sports,tech,tvshows,spanish</genre>
	</extension>
</addon>